Index,Firm Name,Mail
1,ABERNETHY & CO.,office@abernethypartners.com
2,ADDLESHAW GODDARD (HONG KONG) LLP,b.charlton@aglaw.com
3,AH LAWYERS,info@alexholaw.com
4,AHERN LAWYERS,william@ahernlawyers.hk
5,AKIN GUMP STRAUSS HAUER & FELD,Email is missing
6,ALLEN & OVERY,Email is missing
7,ASHURST HONG KONG,infohk@ashurst.com
8,ATL LAW OFFICES,office@atl-legal.com
9,"AU & CO, TONY",office@tony-au.com
10,"AU & CO., ANTHONY Y.L.",au_anthony@hotmail.com
11,"AU & CO., ARTHUR",lawyer@arthurau.com.hk
12,"AU & CO., ELLEN SOLICITORS",ellen.au@ealaw.com.hk
13,"AU & CO., LEDWIN SOLICITORS",admin@lasolicitors.com.hk
14,"AU & VRIJMOED, SOLICITORS",Email is missing
15,"AU BENJAMIN & BILLY CHAN, SOLICITORS",babc@lawcentrehk.com.hk
16,AU MAN WAN & CO.,Email is missing
17,"AU YEUNG, LO & CHUNG, SOLICITORS",Email is missing
18,"AU, THONG & TSANG",info@authongtsang.com.hk
19,"AU-YEUNG, CHAN & HO, SOLICITORS",enquiry@aych.com.hk
20,"AU-YEUNG, CHENG, HO & TIN",Email is missing
21,BAKER & MCKENZIE,hklaw@bakermckenzie.com
22,BIRD & BIRD,hongkong@twobirds.com
23,BOASE COHEN & COLLINS,partners@boasecohencollins.com
24,BODNAR HORVATH,info@bodnarhorvath.com
25,BOWERS,enquiries@bowers.law
26,BRIDGE ROBIN & JOHN LIU,rbjl@rbjl.com
27,BRYAN CAVE LEIGHTON PAISNER LLP,hongkong.info@bclplaw.com
28,BURKE & COMPANY,Email is missing
29,C & L LAWYERS,info@cl-lawyers.com
30,C & Y LAWYERS,Email is missing
31,C&T LEGAL LLP,info@ctlegal.com.hk
32,CAMERON DAVID LAW OFFICE,info@dc-lo.com
33,CC PARTNERS,info@ccpartners.com.hk
34,CEDRIC & CO.,info@cedricco.com.hk
35,CFN LAWYERS,cfn@cfnlaw.com.hk
36,"CHAINE, CHOW & BARBARA HUNG",ccbh@ccblaw.com.hk
37,CHAK & ASSOCIATES LLP,info@chakandassociates.com
38,CHAN & ASSOCIATES,admin@chanass.hk; law@chanass.hk
39,CHAN & CHAN,office@chanchansol.com
40,"CHAN & CO., ALLEN",mail@allenchannco.com
41,"CHAN & CO., ARTHUR K.H.",chanakh@netvigator.com
42,"CHAN & CO., BENNETT",admin@bennettchan.com.hk
43,"CHAN & CO., BETTY",enquiry@bettychanco.com
44,"CHAN & CO., C.K.",ckchan1988@biznetvigator.com
45,"CHAN & CO., C.S.",cschanandco@hotmail.com
46,"CHAN & CO., C.T.",admin@ctchan.com.hk
47,"CHAN & CO., C.W.",chanchunwa@cwchan.com.hk
48,"CHAN & CO., C.Y.",ecchan@cychan.com.hk
49,"CHAN & CO., CAP",cap.chan@capchan.com
50,"CHAN & CO., GLORIA",office@gccom.hk
51,"CHAN & CO., GODWIN",gchan@godwinchan.hk
52,"CHAN & CO., JOSEPH S.C.",legal@jscchan.com.hk
53,"CHAN & CO., JOYCE",office@joycechan.com.hk
54,"CHAN & CO., K.F.",Email is missing
55,"CHAN & CO., K.L.",Email is missing
56,"CHAN & CO., K.T.",enquiry@ktchanco.com
57,"CHAN & CO., LAWRENCE",info@cklchan.com
58,"CHAN & CO., LOUIE",lhkchan33@gmail.com
59,"CHAN & CO., PETER K.S.",peterkschan@hotmail.com
60,"CHAN & CO., PHILIP",wingpc@netvigator.com
61,"CHAN & CO., PHILIP S.W.",pswc_co@yahoo.com
62,"CHAN & CO., S.H.",Email is missing
63,"CHAN & CO., TIM",tim@timchanco.com
64,"CHAN & CO., VICTOR",info@vcco.com.hk
65,"CHAN & CO., VIVIEN",vivchan@vcclawservices.com
66,"CHAN & CO., VREMELI",info@vchan.hk
67,"CHAN & CO., Y.T.",office@ytchan.com.hk
68,CHAN & TSU,info@chantsu.com.hk
69,CHAN & YAU,chanandyau@gmail.com
70,CHAN & YEUNG LAWYERS LLP,Email is missing
71,CHAN & YOUNG,info@chanyoung.hk
72,CHAN AND CHENG SOLICITORS & NOTARIES,candc.law@chanandcheng.com.hk
73,CHAN CHING MAN & CO.,info@chanchingman.com
74,CHAN CHUN TIN & CO.,cctnco@yahoo.com
75,"CHAN DAVID & CARMEN CHAN, SOLICITORS",carmenchan@dcncc.com
76,CHAN J. & LAI,eva.pang@jlai.com.hk
77,"CHAN J., YIP, SO & PARTNERS",Email is missing
78,CHAN KATHERINE LAW OFFICE,katherine@chankatherine.com
79,CHAN KING WONG AND CO.,johnnychan@ckwlegal.com
80,CHAN PAUL K.C. & PARTNERS,pkc@lawcpa.hk
81,CHAN RAYMOND SOLICITORS,chanraymond@hotmail.com
82,"CHAN RAYMOND T.Y., VICTORIA CHAN & CO.",general@rcvc.com.hk
83,"CHAN RAYMOND, KENNETH YUEN & CO.",raymondsmchan@gmail.com
84,CHAN VIVIAN LAW OFFICE,mail@vclaw.com.hk
85,"CHAN, EVANS, CHUNG & TO",topakwo@solcect.com
86,"CHAN, LAU & WAI",clw@lawfirm.com.hk
87,"CHAN, LEUNG & CO.",chanleungco@outlook.com
88,"CHAN, TANG & KWOK",info@ctk-law.com.hk
89,"CHAN, WONG & LAM",lawyers@chanwonglam.com
90,"CHAN, WONG & YIP, SOLICITORS",info@cwy.com.hk
91,CHANG & CO.,info@changlawyers.com
92,"CHARK & CO., BRENDA",info@brendachark.com
93,CHARLES RUSSELL SPEECHLYS LLP,Email is missing
94,CHARLTONS,enquiries@charltonslaw.com
95,CHAU & ASSOCIATES,Email is missing
96,CHAU & CO.,chaunco@gmail.com
97,"CHAU & CO., K.B.",enquiry@kbchau.com.hk
98,CHEN & LEE LAW OFFICE,Email is missing
99,CHEN PETER LAW OFFICE,peter.chen@pchklawyer.com
100,CHENG & CO.,christinesee@cheng-co.com; info@cheng-co.com
101,"CHENG & CO., RAYMOND SOLICITORS",rchk1428@gmail.com
102,"CHENG & CO., S.T.",email@stcheng.com
103,CHENG & LO,chenglo@chenglo.com.hk
104,CHENG & NG,office@cns.com.hk
105,CHENG & WONG,info@cheng-wong.com
106,CHENG ALVIN & ROSALINE CHOY,acrc@acrc.com.hk
107,"CHENG, CHAN & CO.",mail@chengchanco.com
108,"CHENG, YEUNG & CO.",info@chengyeung.com.hk
109,"CHEUK MICHAEL, WONG & KEE",mcwk@netvigator.com
110,CHEUNG & CHOY,Email is missing
111,CHEUNG & CO.,info@acheungco.com.hk
112,"CHEUNG & CO., AMELIA",Email is missing
113,"CHEUNG & CO., C.P.",cpcheung_jt@yahoo.com.hk
114,"CHEUNG & CO., D.S.",dscheung@dscco.com
115,"CHEUNG & CO., EDMUND",legal@echeungco.com.hk
116,"CHEUNG & CO., JCC SOLICITORS",jcc@jcc-cheung.com.hk
117,"CHEUNG & CO., JENNIFER",jccohk@netvigator.com
118,"CHEUNG & CO., JISP, SOLICITORS",jc@jisp.legal
119,"CHEUNG & CO., KELVIN",kc@kccsolicitors.com
120,"CHEUNG & CO., P.Y.",pycheungco@gmail.com
121,"CHEUNG & CO., SIMON",simon@simoncheung.com
122,"CHEUNG & LIU, SOLICITORS",info@cheungandliu.com
123,"CHEUNG & YEUNG, SOLICITORS",admin@cheungandyeung.com
124,CHEUNG & YIP,contact@cheungyip.com
125,"CHEUNG ERIC & LAU, SOLICITORS",Email is missing
126,CHEUNG FUNG & HUI,cfh@cheungfunghui.com.hk
127,CHEUNG RAYMOND & CHAN,rcc_raym@ctimail.com
128,"CHEUNG VINCENT T.K., YAP & CO.",hq@vtkcyc.com
129,CHEUNG WONG & ASSOCIATES,Email is missing
130,CHEUNG YAN & ASSOCIATES,info@cheungyan.com
131,"CHEUNG, CHAN & CHUNG",office@ccandc.com.hk
132,"CHEUNG, CHAN & WONG, SOLICITORS",Email is missing
133,CHIANG ANTHONY & PARTNERS,aust@acp.com.hk
134,CHIH,chih@chih.hk
135,"CHIK & CO., W.H.",chikandco@chikandco.com.hk
136,"CHIN & ASSOCIATES, SOLICITORS",info@lawyerchin.com
137,"CHIN & CO., P.H.",info@phchin.com.hk
138,CHING & CO.,eching@chingandco.com.hk
139,CHING MASON & ASSOCIATES,Info@masonching.com
140,CHIU & CO.,general@chiuandco.com
141,"CHIU & CO., S.M.",info@smchiu.com
142,CHIU & PARTNERS,cap@caplaw.com.hk
143,CHIU HENRY & PARTNERS,Email is missing
144,"CHIU, SZETO & CHENG",general@csclaw.com.hk
145,CHONG & CO.,Email is missing
146,"CHONG & CO., SOLOMON C.",sc726@netvigator.com; info@solomoncchong.com
147,"CHONG & CO., W.S. SOLICITORS",Email is missing
148,CHONG & PARTNERS LLP,candp@chongandpartners.com
149,CHONG & YEN,chongyen@netvigator.com
150,CHONG KENNETH LAW OFFICE,info@kclohk.com
151,"CHOU & CO., S.H.",shchouandco@gmail.com
152,CHOW & CHEUNG,Email is missing
153,CHOW & CHOW SOLICITORS,mailbox@chowchowsolicitors.com
154,"CHOW & CO., B.C.",office@bcchow.com
155,"CHOW & CO., EDMUND W.H.",albert-wong@ewhcco-ho.corp.com.hk
156,"CHOW & CO., ERIC",Email is missing
157,"CHOW & CO., JUSTIN SOLICITORS LLP",justin.chow@jchow.hk
158,"CHOW & CO., THERESE P.F.",office@tpfchow.com.hk
159,"CHOW & HO, SOLICITORS",heidihw@chowho.com.hk
160,CHOW & PARTNERS,office@chowpartners.com
161,"CHOW C.L. & MACKSION CHAN, SOLICITORS",clchow@clcmc.com.hk
162,"CHOW ROWLAND, CHAN & CO.",info@rcc.hk
163,CHOW WONG & LAWYERS,info@chowwonglawyers.com.hk
164,"CHOW, GRIFFITHS & CHAN",cgc@chowgclaw.com
165,CHOY & TUN,Email is missing
166,"CHU & CO., JOHNNY",johnnykcchu@gmail.com
167,"CHU & CO., VICTOR",info@victorchu.com
168,CHU & LAU,info@chuandlau.com.hk
169,CHU CHARLES & KENNETH SIT,Email is missing
170,"CHU PATRICK, CONTI WONG LAWYERS LLP",enquiry@pclawyers.com.hk
171,CHU T. S. LAWYERS,info@tschulawyers.com.hk
172,CHUI AND LAU SOLICITORS,chuilau@clsol.com.hk
173,CHUNG & KWAN,office@chungandkwan.com
174,CHUNGS LAWYERS,admin@chungslaw.com
175,CL & CO. SOLICITORS,general@clandco.com.hk
176,CLARK DOUGLAS LLP,doug@douglas-clark.com
177,CLEARY GOTTLIEB STEEN & HAMILTON (HONG KONG),Email is missing
178,CLIFFORD CHANCE,nicole.leung@cliffordchance.com
179,CLM LAWYERS,info@clmlawyers.com
180,CLY LAWYERS,kklam@clylawyers.com
181,CLYDE & CO.,clyde@clydeco.com.hk
182,CMK LAWYERS,mc@cmklawyers.com.hk
183,COCKING & CO LLP,Email is missing
184,COMTOIS SOLICITOR,enquiries@comtois.hk
185,CPH LEGAL,eric@cph-legal.com
186,CRB,info@crb.com.hk
187,CRUMP & CO.,crumps@biznetvigator.com
188,CW LAWYERS,info@cwlawyers.com.hk
189,CYL & PARTNERS,Email is missing
190,DALY & ASSOCIATES,office@dalyassociates.net
191,DAVIS POLK & WARDWELL,Email is missing
192,DE BEDIN & LEE LLP,hongkong@dbl.hk
193,DEACONS,hongkong@deacons.com
194,DEBEVOISE & PLIMPTON,d&p-hk@debevoise.com
195,DECHERT,Email is missing
196,DENTONS HONG KONG LLP,hk_enquiries@dentons.com
197,DISSANAYAKE & ASSOCIATES,adissa@hotmail.com
198,DLA PIPER HONG KONG,hkoffice@dlapiper.com
199,DORSEY & WHITNEY,Email is missing
200,ECCLES & LEE,mail@ecclesandlee.com.hk
201,ELLALAN,enquiry@ellalan.com
202,"EVANS & CO., ANTHONY",aevans@marks-clerk.com
203,EVERSHEDS SUTHERLAND,Email is missing
204,FACEY & ASSOCIATES LLP,guy.facey@faceyassociates.com
205,FAGAN,michael.fagan@fagan.hk
206,FAIRBAIRN CATLEY LOW & KONG,post@fclklaw.com.hk
207,"FAN & CO., WILLIAM W.L.",law@wlfan.com.hk
208,FAN & FAN,Info@FanandFan.com
209,FAN CAROL LAW OFFICE,general@cfanlegal.com
210,FAN WONG & TSO,yfan@fwtlegal.com
211,FANGDA PARTNERS,Peter.yuen@fangdalaw.com
212,"FENN & CO., DAVID",david.fenn@dfenn.com.hk
213,FENN LILY & PARTNERS,partners@lilyfennlawyers.com
214,FITZGERALD LAWYERS,Email is missing
215,"FOK & CO., HENRY",Email is missing
216,"FONG & CO., DAVID",enquiry@davidfongco.com.hk
217,"FONG & CO., JACK",jack@jackfong.com.hk
218,FONG YIN CHEUNG & CO.,info@ycfong.com
219,FONGS,info@fongslawyers.com.hk
220,"FOO & CO., T.C.",info@tcfoo.com
221,FOO AND LI,fooandli@fooandli.com
222,"FOO, LEUNG & YEUNG",info@flylawyer.com.hk
223,"FORD, KWAN & COMPANY",inmail@fordkwan.com
224,"FORSYTH & CO., ANGUS",angus@angfor.hk
225,FORWARD & CO.,legal@forwardlawyers.com
226,FRESHFIELDS BRUCKHAUS DERINGER,Email is missing
227,FU AND CHENG,info@fuandcheng.com
228,"FUNG & CO., DAVID Y.Y.",info@dyyfung.com
229,FUNG ANDY & ASSOCIATES,afa.solicitors@gmail.com
230,"FUNG, WONG, NG & LAM LLP SOLICITORS",mail@fwnl.com.hk
231,"GALE & CO., J.S.",info@jsg.hk
232,GALL,Email is missing
233,GALLANT,gyth@gallantho.com
234,GEORGIOU PAYNE STEWIEN LLP,Email is missing
235,GH LEGAL,george.hui@ghlegal.com.hk
236,"GIBSON, DUNN & CRUTCHER",Email is missing
237,"GICQUEL & CO., BERNADETTE",bg@bgco.com.hk
238,GOODWIN PROCTER (HONG KONG) LLP,yrana@goodwinprocter.com
239,GRANDALL ZIMMERN LAW FIRM,gz1@grandallzimmern.com.hk
240,GT LAWYERS,info@gtlawyers.hk
241,GUANTAO & CHOW SOLICITORS AND NOTARIES,guantaohk@guantao.com
242,HA AND HO,info@haandho.com
243,HAIWEN & PARTNERS LLP,haiwenhk@haiwen-law.com
244,HALDANES,info@haldanes.com
245,"HAMPTON, WINTER AND GLYNN",general@hwg-law.com
246,HANS,hans@hanslawyers.com
247,"HART GILES, SOLICITORS & NOTARIES",info@hartgiles.com
248,HASTINGS & CO.,hastings@hastings-hk.com
249,HAU V. & CHOW,info@vhc.com.hk
250,"HAU, LAU, LI & YEUNG",hlly@hlly.com.hk
251,HAUZEN LLP,basilhwang@hauzen.hk; admin@hauzen.hk
252,HERBERT SMITH FREEHILLS,Asia@hsf.com
253,"HEUNG & CO., LEONARD K.L.",Email is missing
254,HILL DICKINSON HONG KONG,hilldickinsonhk@hilldickinson.com
255,HIOE & PUN,law@hioepun.com.hk
256,HK&JY SOLICITORS,info@hkjy.com.hk
257,HO & ASSOCIATES,simoneho@hoassoc.com
258,"HO & CO., CANDY",admin@candyho-co.com
259,"HO & CO., HOWARD SOLICITORS",hhcolaw@gmail.com
260,"HO & CO., JACKSON",info@jacksonnco-legal.com
261,"HO & CO., JAMES",james.ho@yanhung.com
262,"HO & CO., REBECCA V.I.",vihosolicitors@gmail.com
263,"HO & CO., SAMUEL",Email is missing
264,"HO & CO., SIMON",Email is missing
265,"HO & COMPANY, S.C.",Email is missing
266,HO & IP,hoip@hoip.com.hk
267,HO & PARTNERS,info@hoandpartners.com
268,"HO & TAM, SOLICITORS",Email is missing
269,HO AND WONG,Email is missing
270,HO ANGELA & ASSOCIATES,ah@holawfirm.com
271,HO FRANKI & ASSOCIATES,Email is missing
272,HO JOHN & TSUI SOLICITORS & NOTARIES,info@johnhotsui.com
273,HO K.C. & FONG,office@kcho-fong.com
274,HO PATRICIA & ASSOCIATES,info@patriciahoassociates.com
275,HO TSE WAI & PARTNERS,htw@hotsewai.com.hk
276,"HO, WONG & WONG, SOLICITORS & NOTARIES",hww@howongnwong.com
277,HOBSON & MA,lawyers@hobsonbma.com.hk
278,HOGAN LOVELLS,infohk@hoganlovells.com
279,HOLMAN FENWICK WILLAN,patrick.yeung@hfw.com
280,HOM & ASSOCIATES,info@hom-assoc.com
281,HON & CO.,enquiry@honco.com.hk
282,HONG & ASSOCIATES,jh@hongandassociates.com
283,HOOSENALLY & NEO,general@hneo.hk
284,HOW & CO.,howandcohk@outlook.com
285,HOWELL & CO.,office@howell.com.hk
286,HOWSE WILLIAMS,enquiries@howsewilliams.com
287,HUEN & CHEUNG,office@huencheung.hk
288,HUEN & PARTNERS,info@huens.com.hk
289,HUGILL & IP,nelly.miu@hugillandip.com
290,"HUI & CO., HERMAN H.M.",legal@lawhuico.com.hk
291,HUI & LAM LLP,info@hui-lam.com
292,HUI WM LAW FIRM,vivian@wmhui.hk
293,HUMPHREY & ASSOCIATES,info@humphreyandassociates.com.hk
294,HW LAWYERS,hw@hwlawyers.com
295,HWL,dhui@hwl-hk.com
296,INCE & CO,hkinfo@incegd.com
297,"IP & CO., FRANCES SOLICITORS",frances1628@hotmail.com
298,"IP & CO., JOHN",johnip168@gmail.com
299,"IP & CO., MICHELLE SOLICITOR",michelle@lawyermi.hk
300,"IP & CO., SAMMY SOLICITORS",law@sammyip-co.com
301,"IP & CO., T.L.",tlip@netvigator.com
302,IP & HEATHFIELD,mail@ihlaw.com.hk
303,"IP, KWAN & CO.",lawyers@ipkwan.com
304,"IU, LAI & LI",mail@iulaili.com
305,JAMISON,smj@jamisonhk.com
306,JC LEGAL,info@jcco-hk.com
307,JIA YUAN LAW OFFICE,Email is missing
308,JINGTIAN & GONGCHENG LLP,Email is missing
309,JONES DAY,jdhk@jonesday.com
310,JTC SOLICITORS,jennifer.cheng@jtcsolicitors.com
311,JUN HE LAW OFFICES,junhehk@junhe.com
312,K&L GATES,mail.hk@klgates.com
313,KAM & FAN,akam@kamfan.com.hk
314,"KAN & CO., FRED",kan_law1984@fredkan.com
315,"KAN & CO., TONY",info@tonykan.com.hk
316,"KAO, LEE & YIP",law@kly.com.hk
317,KARAS LLP,Email is missing
318,"KAWASHIMA & CO., SOLICITORS",info@kawashima.com.hk
319,KCL & PARTNERS,info@kclpartners.com
320,KEMP M.B. LLP,yeeling.wan@kempllp.com
321,KENNEDYS,mail@kennedys.com.hk
322,KHOO & CO.,wk@khooco.com.hk
323,KING & COMPANY,king@king-lawyers.com
324,KING & WOOD MALLESONS,hk@hk.kwm.com
325,KIRKLAND & ELLIS,Email is missing
326,"KO & COMPANY, EDWARD",info@edwardko.com.hk
327,KO AND CO.,koandco@netvigator.com
328,KOBRE & KIM,gwen.kong@kobrekim.com.hk
329,KOK & HA,Email is missing
330,"KONG & COMPANY, BRIAN",wscbkong@netvigator.com
331,KONG & TANG,partner@kongtang.com.hk
332,KONG BENNY & TSAI,enquiry@bk.com.hk
333,"KOO CHRISTINE M. & IP, SOLICITORS & NOTARIES LLP",info@cmkoo.com.hk
334,KOO T.H. & ASSOCIATES,partners@thkoo.com
335,KRISHNAN & TSANG,office@krishnantsang.com
336,"KU & CO., W.Y.",info@wykuco.com
337,KU RITA & SOLICITORS,Email is missing
338,KWAN & CHOW,info@kwanandchow.com
339,KWAN ZEBRA H.Y. & PARTNERS,info@zkpslaw.com.hk
340,"KWOK & CO., EVA SOLICITORS",evakwok@evaklawyers.com
341,"KWOK & CO., JESSE H.Y.",jessekwok@jessekwoklaw.com
342,"KWOK & CO., M.H.",Email is missing
343,"KWOK & CO., SIMON S.M.",law@simonsmkwokandco.com.hk
344,KWOK HEI LAW OFFICE,queries@khloffice.com
345,KWOK YIH & CHAN,Email is missing
346,"KWOK, NG & CHAN",knc@kncsol.com
347,"KWONG & CO., AGNES P.Y.",Email is missing
348,"KWONG & CO., PAUL",paulkwongandcompany@yahoo.com.hk
349,"KWONG & LEE, SOLICITORS",Email is missing
350,L & L LAWYERS,admin@landl.hk
351,L & Y LAW OFFICE,Email is missing
352,"LAI & CO., DOMINIC Y.K.",dyklai@biznetvigator.com
353,"LAI & CO., LEON",info@leonlaiam.com
354,"LAI & CO., NADINE",nadine@nadinelai.com
355,"LAI & CO., W.L. SOLICITORS",Email is missing
356,"LAI ERIC, JASON CHEUNG & CO.",eljc@eljc.com.hk
357,LAI K.M. & LI,kmlaili@kmlaili.com
358,LAI M.C.A. SOLICITORS LLP,anthony.lai@mcalai.com
359,"LAM & CO, JIMMY",jimmylam@lcylegal.com
360,LAM & CO.,generaloffice@lamandco.com.hk
361,"LAM & CO., C.Y.",enquiry@cylamhk.com
362,"LAM & CO., DANIEL",dlamnco@biznetvigator.com
363,"LAM & CO., JAMES P.Y.",Email is missing
364,"LAM & CO., JOSEPH T.P.",mail@jtplam.com
365,"LAM & CO., PAUL T.S.",lamconet@hotmail.com
366,"LAM & CO., T.Y.",sally@tylam-co.com
367,"LAM & CO., TONY",info@tonylam.com.hk
368,LAM & PARTNERS,Email is missing
369,"LAM ALAN, YAM & PE",admin@alyp.com.hk
370,"LAM AND COMPANY, WILLIAM",info@askwill.com
371,LAM AND LAI,solicitors@lamandlai.com.hk
372,LAM HENRY & ASSOCIATES,Email is missing
373,"LAM JOHN, LAW & CO., SOLICITORS",Email is missing
374,LAM KEITH LAU & CHAN,partners@llc-law.com.hk
375,"LAM, LEE & LAI",info@lamleelai.com.hk
376,LATHAM & WATKINS LLP,Email is missing
377,LAU & CHAN,general@lauandchan.com
378,"LAU & CO, SOLICITORS",info@lauandco.com.hk
379,"LAU & CO., C.W.",info@cwlau.com.hk
380,"LAU & CO., H.H.",lauhhsol@netvigator.com
381,"LAU & CO., K.C. SOLICITORS",kclaucompany@gmail.com
382,"LAU & CO., RAYMOND T.M.",raymondlau@raymondtmlau.com
383,"LAU & CO., T.C.",Email is missing
384,"LAU & NGAN, SOLICITORS LLP",admin@lauandngan.com
385,LAU ADRIAN & YIM LAWYERS,mail@allawyers.com.hk
386,LAU EDWARD PHOEBE NG SOLICITORS LLP,general@elpn.com.hk
387,LAU GARY & PARTNERS,glp@glphk.com
388,LAU KWONG & HUNG,info@lkh.com.hk
389,LAU PAU AND COMPANY,godlp128@yahoo.com.hk
390,"LAU Y.K. & CHU, SOLICITORS",admin@yklau.com
391,LAU Y.S. & PARTNERS,yslau@yslau-p.com.hk
392,"LAU, CHAN & KO",info@lauchanko-law.com.hk
393,"LAU, HORTON & WISE LLP",Email is missing
394,"LAU, WONG & CHAN",lawyers@lwcsol.com.hk
395,LAW & CO.,davidkllaw@netvigator.com
396,"LAW & CO., ELSA SOLICITORS",admin@elsa-law.com
397,"LAW & CO., RITA",rita@ritalaw.com
398,LC LAWYERS LLP,info.eylaw@eylaw.com.hk
399,LCH LAWYERS LLP,Email is missing
400,LCP,mailbox@lcplawyers.com.hk
401,LEA & WHITE,tml@lea-white.com
402,LEE & CHOW,office@leeandchow.com
403,"LEE & CO, CHLOE",law@chloelee.hk
404,"LEE & CO., C.C.",email@cclee.com.hk
405,"LEE & CO., HONG",Email is missing
406,"LEE & CO., IVAN",ivanlee@ivanleeco.com
407,"LEE & CO., JOSEPH C.T.",info@jctlee.com
408,"LEE & CO., MELINDA",melinda.lee@szlegal.com
409,"LEE & CO., N.K.",nkleeandco@icloud.com
410,"LEE & CO., SAM SOLICITORS",Email is missing
411,"LEE & CO., SIDNEY",enquiry@leesidney.com
412,"LEE & COMPANY, EDDIE",info@elandco.com.hk
413,LEE & SO,simon@leeandso.com
414,"LEE & WU, SOLICITORS",leewu@hklawyer.com
415,LEE & YIK LAWYERS,info@ly-lawyers.com
416,LEE A & PARTNERS,info@aleepartners.com.hk
417,LEE AMY LEGAL,amy@amyleegal.com
418,LEE CHAN CHENG,Email is missing
419,LEE HANG KEI & CO.,enquiry@lhk-co.com.hk
420,"LEE JANE, YAM & ASSOCIATES",jya@jya.com.hk
421,LEE LAW FIRM,admin@llf.com.hk
422,LEE MAURICE W M,info@wmleehk.com
423,LEE ROBERT LAW OFFICES,general@interasialawoffices.com
424,LEE WILLIAM AND ASSOCIATES,mail@williamleeandassociates.com
425,"LEE WONG & CO., SOLICITORS",leechehang@hotmail.com
426,"LEE Y.C., LAW OFFICES OF",law@ycleelawyers.com
427,"LEE Y.C., PANG & KWOK, SOLICITORS",law@ycleepak.com
428,"LEE, WONG & LAM",moseslee@leewonglam.com
429,LENNON & LAWYERS,lennonlawyers@gmail.com
430,"LEUNG & CO., ANNIE",admin@annieleungandco.com.hk
431,"LEUNG & CO., H.Y. LLP",info@hyleung.com
432,"LEUNG & CO., JOHNNY K.K.",Email is missing
433,"LEUNG & CO., KENNETH W.",Email is missing
434,"LEUNG & CO., MABEL",mabelleung@hkmanagers.com
435,"LEUNG & CO., S.H.",Email is missing
436,"LEUNG & CO., WILLIAM K.W.",leung@jwlw.com
437,"LEUNG & CO., WINNIE",winnie@winnieleung.com.hk
438,"LEUNG & LAU, SOLICITORS LLP",general@leunglau.com
439,LEUNG & LIEN,Email is missing
440,LEUNG & WAN,office@leungandwan.com
441,LEUNG DARIN & PARTNERS,dlsolic@netvigator.com
442,LEUNG JOSEPH & ASSOCIATES,josephleungassociates@yahoo.com.hk
443,LEUNG PANSY TANG & CHUA,ltc@leungtangchua.com
444,LEWIS SILKIN,info@lewissilkin.com
445,LF LEGAL,lfung@lf-legal.com
446,"LI & CO., ADRIAN SOLICITORS",enquiries@al-legal.co
447,"LI & CO., BENSON",Email is missing
448,"LI & CO., CHRISTOPHER",info@kyms.com.hk
449,"LI & CO., ERNEST",office@lsk.hk
450,"LI & CO., FRANCIS",flcohk@netvigator.com
451,"LI & CO., JAMES W.L.",jamesli@netvigator.com
452,"LI & CO., MICHAEL",Email is missing
453,"LI & CO., MYRA",info@myrali.com
454,"LI & CO., SAMUEL",office@samuelliandco.com
455,LI & LAI,account@liandlai.com
456,LI & PARTNERS,info@li-partners.com
457,LI WAI KWONG & CO SOLICITORS,thomas.li@lwk.com.hk
458,"LI, CHOW & COMPANY",cmlichow@netvigator.com
459,"LI, KWOK & LAW, SOLICITORS & NOTARIES",lawyers@likwoklaw.com
460,"LIAU, HO & CHAN",admin@lhc.com.hk
461,"LIM & CO, FREDA",freda@flco.com.hk
462,LIM & LOK,Email is missing
463,"LIN & CO., C.P.",ask@cplin.com.hk
464,LING & LAWYERS,info@linglawyers.com
465,LINKLATERS,Email is missing
466,LIU ALVAN & PARTNERS,alp@alvan-liu-partners.com.hk
467,LIU C.Y. LAW OFFICE,enquiry@cyliu.co
468,LIU TWIGGY M H LAW OFFICE,info@tliu-lawoffice.com
469,"LIU, CHAN & LAM",lcl@lcl-law.com.hk
470,"LIU, CHOI & CHAN",liuchoichan@lccbc.com
471,LIVASIRI & CO.,general@livasiri.com
472,LKC LAWYERS,Email is missing
473,LLINKS LAW OFFICES LLP,admin@llinkslaw.com.hk
474,LO & CO.,info@hklegal.com.hk
475,"LO & CO., FIONA",info@fionalo.com
476,"LO & CO., K.T. SOLICITORS",info@ktloco.com
477,"LO & CO., K.Y.",info@kylonco.com.hk
478,"LO & CO., LAWRENCE K.Y.",kyloco88@netvigator.com
479,LO & LAWYERS,Email is missing
480,LO & LO,info@loandlo.com
481,LO DAVID & PARTNERS,Email is missing
482,LO LAU LAWYERS,admin@lolaulawyers.com
483,LO STEPHEN & P.Y. TSE,info@lawtse.com
484,LO Y.W. & ASSOCIATES,ywlo_associates@mail.com
485,"LO, CHAN & LEUNG",Email is missing
486,"LO, WONG & TSUI",info@lowongtsui.com.hk
487,LOEB & LOEB LLP,hongkong@loeb.com
488,LOH TIMOTHY LLP,Email is missing
489,LOK HING WAH & CO.,victorhwlok@gmail.com
490,LOONG & CO,Email is missing
491,LOONG & YEUNG,Email is missing
492,LT LAWYERS,info@ltcounsel.com
493,LU & PARTNERS LLP,Email is missing
494,"LUK & CO., BRANDON SOLICITORS",blco@blco.com.hk
495,"LUK & CO., RAYMOND",Email is missing
496,"LWC & CO., SOLICITORS",admin@lwclegal.com.hk
497,MA TANG & CO.,Email is missing
498,"MAK & CO., B.",bm@bilanmak.com
499,"MAK & CO., K.H. SOLICITORS",general@khmakco.com
500,"MAK GARY, DENNIS WONG & CHANG",Email is missing
501,MAK JEFFREY LAW FIRM,studio@jmaklegal.com
502,MAK PATRICK & TSE,info@pmt.com.hk
503,"MAK WINNIE, CHAN & YEUNG",info@wmcy.com.hk
504,"MAN & CO., DAVID Y.W.",Email is missing
505,"MAN & CO., KENNETH C.C.",general@kennethccman.com.hk
506,MASSIE & CLEMENT,info@massieclement.com
507,MAYER BROWN,hongkong.office@mayerbrown.com
508,"MCQUHAE & CO, BEN",hello@bmcquhae.com
509,MIAO & CO.,felix.miao@hankunlaw.com.hk
510,MINTERELLISON LLP,hongkong@minterellison.com
511,MKA LAW OFFICE,mka.partners@yahoo.com
512,"MO & CO., PETER",mail@petermo.hk
513,"MOK & CO., C.K.",general@ckmok.com.hk
514,"MOK & CO., EDWIN, SOLICITOR",emok@emoksolicitor.com.hk
515,"MOK & CO., SOLICITORS",info@mokco.com.hk
516,"MOK & CO., ZEKE",zeke@zmco.com.hk
517,MOK JONATHAN LEGAL,enquiry@jmoklegal.com
518,"MORGAN, LEWIS & BOCKIUS",Email is missing
519,MORLEY CHOW SETO,info@mcs.com.hk
520,MORRISON & FOERSTER,Email is missing
521,MUNG,mu@munglegal.com
522,MUNROS,munros@munros.com.hk
523,NAKAMURA & ASSOCIATES,hirokohxn.nakamura@amt-law.com
524,NASIRS,mail@nasirs.com.hk
525,NG & CO.,info@ngandco.hk
526,"NG & CO., ANDREW W.Y.",ang@andrewng.com.hk
527,"NG & CO., CLEMENT",cnaco@netvigator.com
528,"NG & CO., DANIEL K. C. SOLICITORS",danielkcng@biznetvigator.com
529,"NG & CO., K.W.",kwng@kwngco.com.hk
530,"NG & CO., KEVIN SOLICITORS",info@kevinngsolicitors.com
531,"NG & CO., LAWRENCE Y. W. SOLICITORS",lawrencengnco@gmail.com
532,"NG & CO., MATTHEW",office@matthewngnco.com
533,"NG & CO., STANLEY K.Y.",info@stanleyng.com.hk
534,"NG & CO., Y.M.",Email is missing
535,"NG & COMPANY, PAUL",pnco@biznetvigator.com
536,NG & SHUM,info@ngnshum.com
537,NG AND FANG,mail@ngandfang.com
538,NG BOND SOLICITORS,info@bondng.com.hk
539,"NG, AU YEUNG & PARTNERS",info@ngauyeung.com
540,"NG, LIE, LAI & CHAN",admin@nllc.com.hk
541,"NGAI & CO., MICHAEL",Email is missing
542,NGAN & CO.,Email is missing
543,NIGAM ARUN ASSOCIATES,anigam@arunnigam.com
544,NIXON PEABODY CWL,gen@nixonpeabodycwl.com
545,"NORMAN & CO., DAVID",davidnorman@davidnorman.hk
546,NORTON ROSE FULBRIGHT HONG KONG,Email is missing
547,"OLDHAM, LI & NIE",info@oln-law.com
548,O'MELVENY & MYERS,jcheng@omm.com
549,ONC LAWYERS,onc@onc.hk
550,ONG & CHUNG,lawrenceong@ong-chung.com.hk
551,"ONG & CO., TRACY",tracyong@toclegal.com.hk
552,"OR & CO., KATHERINE Y.W.",info@katherine-or.com.hk
553,"OR & LAU, SOLICITORS",office@orandlau.com
554,"PAN & CO., PETER C",general@petercpan.com
555,PANG & ASSOCIATES,office@panglex.com.hk
556,"PANG & CO, BENNY",bennypang@bpclegal.com
557,"PANG & CO., CANDY",candy@cpc.legal
558,"PANG & CO., JOSEPH P.K., SOLICITORS & NOTARIES LLP",jpkpang@hq.corp.com.hk
559,"PANG & CO., MICHAEL",Email is missing
560,"PANG SZWINA, EDWARD LI & COMPANY",szwina@szwinapang.com.hk
561,"PANG, KUNG & CO.",Email is missing
562,"PANG, WAN & CHOI",admin@pwclaw.com.hk
563,"PAU & COMPANY, LOUIS K.Y.",Louis@pauandco.com.hk
564,PAUL HASTINGS,Email is missing
565,"PAUL, WEISS, RIFKIND, WHARTON & GARRISON LLP",Email is missing
566,PAYNE CLERMONT VELASCO,greg.payne@payneclermont.com
567,PHILIP NICHOLLS,mail@philipnicholls.com
568,PINSENT MASONS,pinsentmasonshk@pinsentmasons.com
569,POON & CHEUNG,Email is missing
570,"POON & CO., KENNETH SOLICITORS",kennethpoon@kennethpoonandco.com
571,"POON & CO., MARGARET",Contact_Us@PoonHo.com.hk
572,POON LAWYERS,info@law123.com.hk
573,POON S.T. & WONG,Email is missing
574,"POON, SUM & CHENG",poonwoo@netvigator.com
575,PROSKAUER ROSE,Email is missing
576,PUN & ASSOCIATES,mailbox@pun-associates.com
577,RAE SIMON,sr@raelaw.com.hk
578,RAVENSCROFT & SCHMIERER,team@rs-lawyers.com.hk
579,REED SMITH RICHARDS BUTLER LLP,Law-HK@reedsmith.com
580,REID-KAY SIMON & ASSOCIATES,info@srkandassociates.com
581,REYNOLDS PORTER CHAMBERLAIN,Email is missing
582,RIBEIRO HUI,partners@ribeirohui.com
583,ROBERTSONS,info@robertsonshk.com
584,"ROBINSONS, LAWYERS",service@robinsonslawyers.com
585,ROPES & GRAY,Email is missing
586,SEYFARTH SHAW,rwong@seyfarth.com
587,SF LAWYERS,info@kpmglegal.com.cn
588,"SFKS CK KWONG, SOLICITORS",Email is missing
589,SHEARMAN & STERLING,Email is missing
590,"SHUM & CO., SOLICITORS",info@shum.com.hk
591,"SHUM WONG & CO., SOLICITORS",office@shumwong.com.hk
592,"SI & CO., SIMON",Email is missing
593,"SIAO, WEN AND LEUNG",swlsn@siaowenleung.com
594,SIDLEY AUSTIN,kay.yu@sidley.com
595,SIMMONS & SIMMONS,hk.office@simmons-simmons.com
596,SIMPSON THACHER & BARTLETT,cleung@stblaw.com
597,SIT KENNETH,general@kennethsit.hk
598,"SIT, FUNG, KWONG & SHUM, SOLICITORS",sfks@sfks.com.hk
599,"SIU & CO., ANTHONY",asiu@anthonysiu.com
600,"SIU & COMPANY, ROBERT",rbrtsiu@yahoo.com.hk
601,"SIU AND COMPANY, SOLICITORS",fssl@biznetvigator.com
602,SIU RAYMOND & LAWYERS,raymondsiu@rsl.com.hk
603,"SKADDEN, ARPS, SLATE, MEAGHER & FLOM",Email is missing
604,SL LAWYERS,sonam@sllawyers.com.hk
605,SLAUGHTER AND MAY,Email is missing
606,SLOTINE,mslotine@slotine.hk
607,SM & CO,smasood@gop.it
608,"SO & CO., EDWIN SOLICITORS",info@edwinsoandco.com
609,"SO & CO., W.F.",office@mso.com.hk
610,SO KEUNG YIP & SIN,gen@skys.law.com.hk
611,SO KITTY & TONG,info@ksnt.com.hk
612,"SO MIKE, JOSEPH LAU & CO.",msojlau@msojlau.com.hk
613,"SO, HO & CO., SOLICITORS",sohonco@gmail.com
614,"SO, LUNG & ASSOCIATES",info@solung.com
615,"SOO & CO., RIZUKO",hk.office@rizukosoo.com
616,SQUIRE PATTON BOGGS,rebecca.chan@squirepb.com
617,SSW & ASSOCIATES,Email is missing
618,STEPHENSON HARWOOD,info.hk@shlegal.com
619,"STEVENSON, WONG & CO.",info@sw-hk.com
620,STN LAW OFFICE,Email is missing
621,"SUEN & CO, JOHN C H",general@jchsc.com.hk
622,SULLIVAN & CROMWELL (HONG KONG) LLP,Email is missing
623,SUN LAWYERS LLP,enquiry@hksunlawyers.com
624,"SZE & CO., Y.L.",admin@aqualaw.com.hk
625,"SZETO & CO., Y.T.",szeto@ytszeto.com.hk
626,SZETO & YEUNG,Email is missing
627,"TAI, TANG & CHONG",info@ttcsol.com
628,"TAM & CO, PHILIP",philip.tam@philiptam.com.hk
629,"TAM & CO., ELAINE",elainetam2010@yahoo.com.hk
630,"TAM & CO., GARY K.W.",garykwtam@biznetvigator.com
631,"TAM & CO., M.L.",gen@mltam-co.com
632,"TAM & CO., S.H.",Email is missing
633,"TAM & CO., Y.K.",Email is missing
634,"TAM, PUN & YIPP",tpykln@yahoo.com.hk
635,"TAN & CO., SOLICITORS",tankuanghwee@tanlaw.com.hk
636,TANG & CO.,hongkong@helmsmanlaw.com
637,"TANG & CO., M.H.",general@mhtang.com.hk
638,TANG AND LEE,info@tangandlee.com.hk
639,TANG AND SO,tangnso@netvigator.com
640,TANG PAUL C.K. & CHIU,info@paulcktang.com
641,TANG TSO & LAU,tsolau@netvigator.com
642,"TANG, LAI & LEUNG",tll@tll.com.hk
643,"TANG, LEUNG, LI & TSANG",tllt@biznetvigator.com
644,"TANG, WONG & CHOW",twc@twc.com.hk
645,TANGS SOLICITORS,Email is missing
646,TANNER DE WITT,general@tannerdewitt.com
647,TAYLOR WESSING,m.chan@taylorwessing.com
648,TC & CO.,enquiry@tcco.com.hk
649,TIAN YUAN LAW FIRM LLP,hkoffice@tylaw.com.hk
650,TIANG & PARTNERS,info@tiangandpartners.com
651,TITUS,info@titus.com.hk
652,TKC LAWYERS,Email is missing
653,"TO & CO., ALEX SOLICITORS",alexto@alexto.co
654,"TO & CO., W.K.",mail@wktoco.com
655,"TO, LAM & CO.",general@tolam.com.hk
656,"TONG & CO, RONALD",contact@rtclaw.com.hk
657,"TONG & CO., AUGUSTINE C.Y.",at888@biznetvigator.com
658,"TONG & CO., RAYMOND",raytong@raytong.com.hk
659,"TONG & CO., T.S.",info@tstong.com.hk
660,"TONG & COMPANY, WANDA",Email is missing
661,TONG & TSOI,Email is missing
662,"TONG AND CO., KINGSTON",kingstonlitigation@hotmail.com
663,TONYS LAWYERS,info@tonyslawyers.com
664,TOULLEC SOLICITORS,Email is missing
665,TSANG & ASSOCIATES,enquiries@tsangassociates.com.hk
666,"TSANG & CO., C.Y.",info@cytsang.com
667,"TSANG & CO., FLORENCE",ftsangco@gmail.com
668,"TSANG & CO., H.M.",Email is missing
669,TSANG & LEE,general@tsanglee.com
670,TSANG DEREK LAW OFFICE,derektsang@derektsanglaw.com
671,"TSANG MARIE, DUSTIN CHAN & CO.",mail@md-law.com.hk
672,"TSANG, CHAN & WONG",tcw@tcw.com.hk
673,"TSANG, CHAN & WOO SOLICITORS & NOTARIES",tcws@hktcw.com
674,TSANGS,tsangs@jtsang.com.hk
675,"TSE & CO., BOBBY",tsebobby@netvigator.com
676,"TSE & CO., O",admin@otseco.com.hk
677,"TSE & CO., PAUL C.W.",gen@pcwtse-law.hk
678,"TSE & CO., RAYMOND T.L.",info@rtlaw.com.hk
679,"TSE & CO., T.C. SOLICITORS",general@tctse.legal
680,TSE PAUL W.,enquiry@paultse.com
681,TSE YUEN TING WONG,hklawyers@tytsol.com.hk
682,TSO & ASSOCIATES,tsoasso@yahoo.com
683,TSO AU YIM & YEUNG,Email is missing
684,TSOI HERBERT & PARTNERS,htp@htp.com.hk
685,TSUI & CO.,info@tsuico.com
686,"TSUI & CO., ROBERT C.K.",info@robertcktsui.com
687,"TSUI & CO., T.K.",info@tktsui.com.hk
688,TSUN & PARTNERS,gen@tsunandpartners.com.hk
689,TUNG & CO.,Email is missing
690,"TUNG, NG, TSE & LAM, SOLICITORS",office@tntl.com.hk
691,TW PARTNERS,enquiry@twp-law.com
692,VIDLER & CO.,info@vidler-co.com
693,VITUS LAWYERS,leung@ltw.com.hk
694,VONGS,contactus@vongs.hk
695,"WAI & CO., HENRY, SOLICITORS LLP",info@hwco.com.hk
696,"WAI & CO., SOLICITORS",wai.co.solicitors@gmail.com
697,WALLER MA HUANG & YEUNG,info@wmhy.com.hk
698,WAN & TANG,Email is missing
699,WAN AND LEUNG,Email is missing
700,WAN YEUNG HAU & CO.,office@smartlegal.com.hk
701,WANG & CO.,info@xjw.com.hk
702,"WANG & CO., ANGELA",lawyers@angelawangco.com
703,WAT & CO.,info@watco.hk
704,WATSON FARLEY & WILLIAMS LLP,hkinfo@wfw.com
705,WBY LAWYERS,Email is missing
706,WE LAWYERS,Email is missing
707,"WEIL, GOTSHAL & MANGES",hkinfo@weil.com
708,WEIR & ASSOCIATES,info@weirandassociates.com
709,WELLINGTON LEGAL,Email is missing
710,WHITE & CASE,hkls@hongkong.whitecase.com
711,WILKINSON & GRIST,partners@wilgrist.com
712,WILLA LEGAL,info@willalegal.com
713,WILSON SONSINI GOODRICH & ROSATI,Email is missing
714,WINSTON & STRAWN,Email is missing
715,WITHERS,enquiries.hk@withersworldwide.com
716,WMC PARTNERS,firm@wmc-laws.com
717,"WONG & CO, T C",Email is missing
718,WONG & CO.,wongcolawfirm@yahoo.com.hk
719,"WONG & CO., ALAN",Email is missing
720,"WONG & CO., BERNARD",bwco@netvigator.com
721,"WONG & CO., CHARLES",charlescswong@hotmail.com
722,"WONG & CO., CLAYTON",Email is missing
723,"WONG & CO., DAVID",davwongtw@gmail.com
724,"WONG & CO., EDWARD C.T.",ectw@lawyer.com
725,"WONG & CO., EVA",ew@evawongnco.com.hk
726,"WONG & CO., H.L.",info@hlwong.com.hk
727,"WONG & CO., HUEN",margaret@huenwong.com
728,"WONG & CO., JOHN W.",info@johnwwong.com
729,"WONG & CO., K.N.",Email is missing
730,"WONG & CO., K.W.",Email is missing
731,"WONG & CO., PATRICK",Email is missing
732,"WONG & CO., PETER K.H.",kithin@peterkhwong.com.hk
733,"WONG & CO., S.K.",info@skwongco.com
734,"WONG & CO., S.Y.",sy@sywong.com.hk
735,"WONG & CO., SIMON",simon.wongco@yahoo.com.hk
736,"WONG & CO., T.H.",thwongjw@netvigator.com
737,WONG & POON,solicitors@wongpoon.com.hk
738,WONG & TANG,Email is missing
739,WONG AND CHAN,rw@wongandchan.com
740,WONG AND PARTNERS,wps@wongandpartners.corp.com.hk
741,WONG CHRISTOPHER K.Y.,ckywlaw@gmail.com
742,WONG HEUNG SUM & LAWYERS,admin@whslaw.hk
743,WONG JIMMIE K. S. & PARTNERS,info@jimmiewong.com
744,"WONG PHILIP K.H., KENNEDY Y.H. WONG & CO.",info@pwkwco.com.hk
745,WONG POON CHAN LAW & CO.,wpcl@wpcl.hk
746,WONG S.W. & ASSOCIATES,enquiry@legalservice.com.hk
747,WONG SHUM & CO.,wongshum@hkstar.com
748,WONG STEWART & ASSOCIATES,stewart@swong-associates.com
749,WONG YUEN CHI & CO.,raynawong@wongyuenchico.com.hk
750,"WOO & CO., K.Y.",Email is missing
751,"WOO & CO., P.C.",pcw@pcwoo.com.hk
752,WOO KWAN LEE & LO,Email is missing
753,WT LAW OFFICES,wtlawoffices@gmail.com
754,WTS LAWYERS,francis.wong@wtslawyers.com
755,WU-SCHARSIG JENNIFER,info@jwslawyer.com
756,"YAM JOHNNIE, JACKY LEE & CO.",jyjl@ilawfirm.com.hk
757,YAN LAWYERS,info@cnhklawyer.com
758,"YANG & CO., SAMUEL L.C.",info@yanglaw.com.hk
759,YANG CHAN & JAMISON LLP,general@deloittelegal.com.hk
760,YAU AND CO.,yaunco38@netvigator.com
761,YC SOLICITORS,general@ycsolicitors.com
762,YEM & ASSOCIATES,yemlaw@netvigator.com
763,YEONG & CO.,legal@yeongco.com.hk
764,YEUNG & CHAN,yeungchan@biznetvigator.com
765,"YEUNG & CO, NORMAN M K",info@mkyeungnco.com
766,"YEUNG & CO., EDMOND",administration@licensingipr.com
767,"YEUNG & CO., JACQUELINE M.H.",office@jyeungco.com
768,"YEUNG & CO., RUBY",ruby@rubyyeung.com
769,"YEUNG & CO., VICTOR",victoryeung8108@hotmail.com
770,"YEUNG & CO., Y.L.",ylyac@ylyeungco.com
771,YEUNG ADRIAN & CHENG,Email is missing
772,YEUNG CHARLES CLEMENT LAM LIU & YIP,info@cyclly.com
773,YEUNG P.T. & TANG,ptyeung.tang@yahoo.com.hk
774,YEUNG TERRY & LAI,tyltst2@netvigator.com
775,YIM & CO.,Email is missing
776,YIN XU & CO,yin.xu@yinandco.com
777,YIP & CO.,yipandco@ymail.com
778,YIP & PARTNERS,yippart@netvigator.com
779,"YIU & ASSOCIATES, SOLICITORS",roy@yaa.com.hk
780,"YIU & CO., BRUNO",info@brunoyiu.com
781,YIU K.H. & ASSOCIATES,khyiuasso@biznetvigator.com
782,YM LAWYERS LLP,Email is missing
783,"YOUNG & CO., ROWDGET W.",info@rowdget.com
784,YTL LLP,admin@hkytl.com
785,YU & ASSOCIATES,admin@yu-solicitors.com.hk
786,"YU & CO., C.",info@cyu-co.com.hk
787,"YU & CO., DANNY K.H.",dkhyucom@netvigator.com
788,YU HENRY & ASSOCIATES,Email is missing
789,YU HUNG AND COMPANY,paulyuhung@yahoo.com.hk
790,YU SUN YAU MAK & LAWYERS,office@ysym.com.hk
791,"YU, CHAN & YEUNG",admin@ycylawyers.com.hk
792,"YU, TSANG & LOONG",ytlsols@yutsangloong.com.hk
793,"YUEN & CO., C.W.",cwyuenco@cwyuen.com.hk
794,"YUEN & CO., CHRIS H.M.",Email is missing
795,"YUEN & CO., TONY SOLICITORS",info@tonyyuen.com
796,"YUEN & CO., W.L.",Email is missing
797,YUEN & PARTNERS,yandp@yuenpartners.com.hk
798,"YUN & CO., EDWIN",Email is missing
799,YUNG & AU,lawsoc@yungandau.com.hk
800,"YUNG & CO., ERIC",admin@eyandco.hk
801,"YUNG & CO., SIMON C.W.",Email is missing
802,"YUNG, YU, YUEN & CO.",main@yyyco.com
803,ZHANG LAWYERS,Email is missing
804,ZHONG LUN LAW FIRM LLP,lawyers@zhonglun.com
805,ZHOU & CO.,Email is missing
806,ZM LAWYERS,Email is missing
